State,District,Crop,Season,2010-11,2011-12,2012-13,2013-14,2014-15,2015-16,2016-17,2017-18,2018-19,2019-20,2020-21
HR,BHIWANI,Arhar/Tur,Kharif,1.0804769001490313,0.9678668215253581,1.2365853658536585,1.25,1.6666666666666667,1,0.16666666666666666,1.1666666666666667,,,
HR,CHARKI DADRI,Arhar/Tur,Kharif,,,,,1,,,1.2222222222222223,,,
HR,FARIDABAD,Arhar/Tur,Kharif,,0.8583690987124464,1.1551724137931034,1.5,,1,1,1.1,,,
HR,FATEHABAD,Arhar/Tur,Kharif,1.1173184357541899,,1,,,,1,1,,,
HR,GURGAON,Arhar/Tur,Kharif,0.903954802259887,0.9375,1.1251840942562592,1,,1.25,,1.18,,,
HR,HISAR,Arhar/Tur,Kharif,1.10803324099723,1.4705882352941178,1,,,1.6666666666666667,1,0.9487179487179487,,,
HR,JHAJJAR,Arhar/Tur,Kharif,1.050992604126119,1.1572052401746724,1.1878548506541595,1.16,1.05,1.1538461538461537,,1.1758241758241759,,,
HR,JIND,Arhar/Tur,Kharif,1.098901098901099,,0.9848484848484849,,,,1,1.1,,,
HR,KARNAL,Arhar/Tur,Kharif,0.6756756756756757,0.684931506849315,1,1,,1,1,1,,,
HR,MAHENDRAGARH,Arhar/Tur,Kharif,1.1363636363636365,1.075268817204301,0.9935897435897436,1,1,,1,1,,,
HR,MEWAT,Arhar/Tur,Kharif,,1.0327022375215147,0.9852941176470589,1,1.5,1,1,1.1081081081081081,,,
HR,PALWAL,Arhar/Tur,Kharif,1.1190233977619533,1.0089686098654709,0.5882352941176471,1,1,1,1,1,,,
HR,PANIPAT,Arhar/Tur,Kharif,1.1070110701107012,0.851063829787234,1,1,,1,,1.25,,,
HR,REWARI,Arhar/Tur,Kharif,0.8620689655172413,1.0610079575596818,0.9726775956284153,1,1,,0.5,1.1666666666666667,,,
HR,ROHTAK,Arhar/Tur,Kharif,1.1505824823817057,1.1563169164882228,1.0335178351783518,1.0769230769230769,1,1,1.125,1.2833333333333334,,,
HR,SIRSA,Arhar/Tur,Kharif,2.1739130434782608,,1,,,,1,1,,,
HR,SONIPAT,Arhar/Tur,Kharif,1.0343553749538235,1.056338028169014,0.5,1.1666666666666667,2,1.3333333333333333,2,1.5,,,
HR,BHIWANI,Bajra,Kharif,1.6301467132041885,1.7439955054075564,1.3860716700473292,1.5977011494252873,1.3614457831325302,1.3076923076923077,1.7,1.2359735973597359,,,
HR,CHARKI DADRI,Bajra,Kharif,,,,,,,,0.7506234413965087,,,
HR,FARIDABAD,Bajra,Kharif,1.1405109489051095,1.5286624203821657,1.438021282714984,1.75,1.75,1.6666666666666667,2.25,1.8571428571428572,,,
HR,FATEHABAD,Bajra,Kharif,2.4145380607446945,2.2462732285072495,2.117362371445856,2,2,2,2.3,2.0833333333333335,,,
HR,GURGAON,Bajra,Kharif,1.9103038852642098,2.257551669316375,2.2631855156127,2.0625,1.8064516129032258,1.90625,1.8935483870967742,1.911671924290221,,,
HR,HISAR,Bajra,Kharif,2.235876128941392,2.20288823123651,2.1109664708158884,1.9523809523809523,1.5714285714285714,1.625,1.9206349206349207,1.783132530120482,,,
HR,JHAJJAR,Bajra,Kharif,1.7094391724561135,1.9319835913722376,1.945863303102957,1.9,1.75,2.3055555555555554,2.2083333333333335,1.5638051044083527,,,
HR,JIND,Bajra,Kharif,2.0601374968172035,2.051282051282051,2.0719449832481045,2.2666666666666666,2,1.8333333333333333,1.7891566265060241,1.7194244604316546,,,
HR,KAITHAL,Bajra,Kharif,1.520086862106406,2.100840336134454,2.2172949002217295,2,2,2,2,1.5,,,
HR,MAHENDRAGARH,Bajra,Kharif,1.7907828407188202,2.261144527765265,2.181962443797937,2.4555555555555557,1.6774193548387097,1.5168539325842696,2.3,1.5045685279187817,,,
HR,MEWAT,Bajra,Kharif,1.4291624355936665,1.8710935944902265,1.9211866678581002,2.0869565217391304,1.6923076923076923,1.8888888888888888,1.9716599190283401,2.364705882352941,,,
HR,PALWAL,Bajra,Kharif,1.7946877243359656,1.8860807242549982,1.9734245494013944,2.125,1.8571428571428572,1.25,1.920353982300885,2.185185185185185,,,
HR,PANCHKULA,Bajra,Kharif,1.5048908954100828,1.7777777777777777,2.028397565922921,2,,2,,1.7777777777777777,,,
HR,PANIPAT,Bajra,Kharif,4.201680672268908,,,,,,2,2,,,
HR,REWARI,Bajra,Kharif,1.8888855575210626,2.342330858217279,1.9808384201802967,2.3333333333333335,2.288135593220339,2.129032258064516,2.1867647058823527,1.952802359882006,,,
HR,ROHTAK,Bajra,Kharif,1.406407946204896,1.9229821014742863,1.7527954064672107,1.3333333333333333,1.6923076923076923,1.7692307692307692,1.937984496124031,1.8559322033898304,,,
HR,SIRSA,Bajra,Kharif,3.446399419553782,2.3071007433991286,1.7964071856287425,1.5,2,1,2.35,1.6875,,,
HR,SONIPAT,Bajra,Kharif,1.8043756108563267,2.1993489926981615,2.2509181376614147,2.25,1.8333333333333333,2.1666666666666665,2.032258064516129,1.271186440677966,,,
HR,YAMUNANAGAR,Bajra,Kharif,2.1413276231263385,3.3444816053511706,3.278688524590164,,,,,1,,,
HR,BHIWANI,Barley,Rabi,3.2457652905974235,3.3562285357477366,3.1943648128429847,3.9,3.1818181818181817,3.625,3.607843137254902,3.4516129032258065,,,
HR,CHARKI DADRI,Barley,Rabi,,,,,,,4,3.5,,,
HR,FATEHABAD,Barley,Rabi,4.144791378833932,3.91644908616188,4.169562195969423,4,4,3,3.727272727272727,3.7777777777777777,,,
HR,GURGAON,Barley,Rabi,3.1323414252153485,4.9504950495049505,4.283674440742503,4.5,4,4,4.7,4.625,,,
HR,HISAR,Barley,Rabi,3.8766519823788546,3.4482758620689653,3.019707565162111,3.4,3.2,3.5,3.566666666666667,3.7777777777777777,,,
HR,JHAJJAR,Barley,Rabi,4.315417810906237,3.2341526520051747,3.6111512350137223,4,2.3333333333333335,3.5,4.0588235294117645,3.72,,,
HR,JIND,Barley,Rabi,4.901960784313726,6.546644844517185,7.092198581560283,3,2,3,3.5,4.333333333333333,,,
HR,MAHENDRAGARH,Barley,Rabi,3.541912632821724,2.293577981651376,5.891016200294551,3,,,3.2,3,,,
HR,MEWAT,Barley,Rabi,3.271537622682661,4.056795131845842,2.277904328018223,4,2,3,3.5,3.5,,,
HR,PALWAL,Barley,Rabi,3.0211480362537766,4.3057050592034445,2.898550724637681,3,3,3,3,4,,,
HR,REWARI,Barley,Rabi,3.053435114503817,4.289544235924933,3.8781163434903045,4,2.5,3.5,4.7,4.5,,,
HR,ROHTAK,Barley,Rabi,2.004008016032064,3.7831021437578816,3.2023289665211063,4,2.3333333333333335,2.5,2.85,2.9444444444444446,,,
HR,SIRSA,Barley,Kharif,3.6067325674592574,0.6289308176100629,0.45454545454545453,4.166666666666667,4.2,3.6,1,1,,,
HR,HISAR,Castor seed,Kharif,0.33444816053511706,1.2820512820512822,0.5,1,1,1,1.2222222222222223,1,,,
HR,SIRSA,Castor seed,Kharif,0.4975124378109453,0.4339440694310511,0.5010822510822511,1.2,1.6666666666666667,0.75,1,1,,,
HR,AMBALA,Coriander,Whole Year,,,,1.9333333333333333,4.2272727272727275,2.174496644295302,2.3649635036496353,2.5,,,
HR,BHIWANI,Coriander,Whole Year,,,,1.45,2.5,6.2,1.2647058823529411,,,,
HR,FARIDABAD,Coriander,Whole Year,,,,1.7272727272727273,3,4.090909090909091,1.3043478260869565,1.1578947368421053,,,
HR,FATEHABAD,Coriander,Whole Year,,,,1.75,1.92,0.75,1.6666666666666667,1.5,,,
HR,GURGAON,Coriander,Whole Year,,,,1.2727272727272727,1,4,1.6,4.8,,,
HR,HISAR,Coriander,Whole Year,,,,1.3333333333333333,1.2,3,3.3333333333333335,3.3333333333333335,,,
HR,JHAJJAR,Coriander,Whole Year,,,,1.25,1.15,0.6313725490196078,0.9855072463768116,1.9883720930232558,,,
HR,KAITHAL,Coriander,Whole Year,,1.5384615384615385,1,1.1818181818181819,2.75,1.6666666666666667,1.7142857142857142,2,,,
HR,MAHENDRAGARH,Coriander,Whole Year,,,,2.5714285714285716,5,1.6666666666666667,2,0.32727272727272727,,,
HR,MEWAT,Coriander,Whole Year,,,,3,2.5,1.95,1.9047619047619047,1.6666666666666667,,,
HR,PALWAL,Coriander,Whole Year,,,,2.9,1.6666666666666667,1.5909090909090908,0.6818181818181818,,,,
HR,PANCHKULA,Coriander,Whole Year,,1.2820512820512822,1.0518134715025906,1.5432098765432098,3,5.294117647058823,5.689655172413793,6.287425149700598,,,
HR,REWARI,Coriander,Whole Year,,,,1.4335664335664335,2.797202797202797,2.7586206896551726,1.1724137931034482,2.1794871794871793,,,
HR,SIRSA,Coriander,Whole Year,,,,1.0909090909090908,1.1111111111111112,0.15384615384615385,0.9056603773584906,6.875,,,
HR,SONIPAT,Coriander,Whole Year,,,,1,1.542857142857143,1.8148148148148149,0.9533898305084746,1.0067114093959733,,,
HR,BHIWANI,Coriander,Kharif,3.0388165816180264,3.6262906069000254,3.6893886156008433,3.0833333333333335,2.597938144329897,1.967741935483871,3.0468036529680367,2.363425925925926,,,
HR,CHARKI DADRI,Coriander,Kharif,,,,,,,4,2.5,,,
HR,FATEHABAD,Coriander,Kharif,3.667714585119558,4.8370924556783494,4.18507867480302,4.51948051948052,3.8354430379746836,2,1.7142857142857142,2.388888888888889,,,
HR,HISAR,Coriander,Kharif,3.4680592547293547,4.344880597209375,3.6262740034614436,2.9507042253521125,2.193548387096774,1.623076923076923,3.6646234676007006,2.8753799392097266,,,
HR,JHAJJAR,Coriander,Kharif,1.949317738791423,3.1512605042016806,2.437325905292479,2.5,3,2.5714285714285716,3.0727272727272728,2.9466666666666668,,,
HR,JIND,Coriander,Kharif,3.4058216280250466,4.046848219386783,3.653788559448937,3.164383561643836,2.8157894736842106,1.0416666666666667,2.958904109589041,2.7552,,,
HR,KAITHAL,Coriander,Kharif,3.2740879326473338,4.379734848484849,4.631454473787938,4.2727272727272725,3.3,1.2727272727272727,4,3.0833333333333335,,,
HR,MAHENDRAGARH,Coriander,Kharif,7.067137809187279,2.6028110359187924,4.566210045662101,4,3,1.6666666666666667,4,2.319277108433735,,,
HR,REWARI,Coriander,Kharif,6.2761506276150625,1.86219739292365,3.3557046979865772,3,2.5,1.1428571428571428,2.7291666666666665,2.8333333333333335,,,
HR,ROHTAK,Coriander,Kharif,1.8063081839655413,3.7491133853480596,3.2536952681974527,2.0714285714285716,2,1.8823529411764706,2.433333333333333,2.7103448275862068,,,
HR,SIRSA,Coriander,Kharif,3.7353311535083544,4.975124378109452,4.529441368897836,3.3333333333333335,2.75,2.5,3.588235294117647,4,,,
HR,AMBALA,Dry chillies,Whole Year,7.913669064748201,,9.489051094890511,,,,,,,,
HR,BHIWANI,Dry chillies,Whole Year,,,10,,,,,,,,
HR,FATEHABAD,Dry chillies,Whole Year,6.25,,11.11111111111111,,,,,,,,
HR,HISAR,Dry chillies,Whole Year,11.056511056511056,,8.333333333333334,,,,,,,,
HR,JIND,Dry chillies,Whole Year,10.344827586206897,,12.5,,,,,,,,
HR,KAITHAL,Dry chillies,Whole Year,12.5,,10.526315789473685,,,,,,,,
HR,KARNAL,Dry chillies,Whole Year,8.13953488372093,,12.903225806451612,,,,,,,,
HR,KURUKSHETRA,Dry chillies,Whole Year,9.090909090909092,,9.523809523809524,,,,,,,,
HR,PANCHKULA,Dry chillies,Whole Year,11.538461538461538,,16.666666666666668,,,,,,,,
HR,PANIPAT,Dry chillies,Whole Year,9.774436090225564,,9.090909090909092,,,,,,,,
HR,REWARI,Dry chillies,Whole Year,,,11.11111111111111,,,,,,,,
HR,SIRSA,Dry chillies,Whole Year,7.6923076923076925,,,,,,,,,,
HR,SONIPAT,Dry chillies,Whole Year,9.89010989010989,3.125,6.666666666666667,9.454545454545455,10.10344827586207,10,10.61320754716981,10.295566502463053,,,
HR,BHIWANI,Garlic,Whole Year,,,16.666666666666668,9.285714285714286,18.60759493670886,9.9,12.1,15.909090909090908,,,
HR,FARIDABAD,Garlic,Whole Year,,,,7,13.6,12.5,11.428571428571429,18.75,,,
HR,FATEHABAD,Garlic,Whole Year,1.2269938650306749,0.975609756097561,9.523809523809524,10.3125,19.09722222222222,10.709677419354838,13.777777777777779,11.666666666666666,,,
HR,GURGAON,Garlic,Whole Year,,,,8.5,15.277777777777779,10.857142857142858,7.333333333333333,10,,,
HR,HISAR,Garlic,Whole Year,,,,9.827586206896552,6.455555555555556,7.571428571428571,10.352941176470589,9.636363636363637,,,
HR,JHAJJAR,Garlic,Whole Year,,,9.090909090909092,6.190476190476191,8.2,8.80952380952381,10.380952380952381,10.136363636363637,,,
HR,KARNAL,Garlic,Whole Year,1.0729613733905579,1.0121457489878543,10.396039603960396,9.375,13.333333333333334,12.083333333333334,20,18.333333333333332,,,
HR,MEWAT,Garlic,Whole Year,,,,5.303030303030303,6.903846153846154,6.833333333333333,7.258064516129032,10.095238095238095,,,
HR,PALWAL,Garlic,Whole Year,,,14.285714285714286,8.170731707317072,8.25,10.5,10.886699507389162,13,,,
HR,REWARI,Garlic,Whole Year,,,,5.5,8.75,8.875,6.5,9.772727272727273,,,
HR,ROHTAK,Garlic,Whole Year,,,,5,7.954545454545454,8.117647058823529,7.571428571428571,11.15,,,
HR,SIRSA,Garlic,Whole Year,1.25,0.91324200913242,9.900990099009901,9.615384615384615,9.411764705882353,6,3.5454545454545454,6.896551724137931,,,
HR,SONIPAT,Garlic,Whole Year,,,,9.473684210526315,9.615384615384615,7.317073170731708,12.25,,,,
HR,YAMUNANAGAR,Garlic,Whole Year,,0.8333333333333334,,14.857142857142858,10.483870967741936,12.5,11.151098901098901,12.430625,,,
HR,PANCHKULA,Ginger,Whole Year,1.639344262295082,1.7543859649122806,,13.909375,15.375,15.333333333333334,18.625,7.501176470588235,,,
HR,SONIPAT,Ginger,Whole Year,,,,14.75,15.944055944055943,15.52112676056338,14.181818181818182,7.643312101910828,,,
HR,BHIWANI,Gram,Rabi,0.9720463047512445,0.8952360652243418,1.133875508289021,0.8636363636363636,0.625,0.5238095238095238,0.99375,0.7747747747747747,,,
HR,CHARKI DADRI,Gram,Rabi,,,,,,,,1.1538461538461537,,,
HR,FATEHABAD,Gram,Rabi,1.447178002894356,2.2831050228310503,1.6313213703099512,,,,1.8,1.7692307692307692,,,
HR,HISAR,Gram,Rabi,0.8905185961236249,0.854457419538593,0.868357068426537,0.7058823529411765,0.5833333333333334,0.6153846153846154,1.2666666666666666,1.4246575342465753,,,
HR,JHAJJAR,Gram,Rabi,1.9011406844106464,,1.615508885298869,1,,,1,1,,,
HR,MAHENDRAGARH,Gram,Rabi,1.0845006778129236,1.0648209769732464,1.3217023526301876,0.9285714285714286,0.5714285714285714,0.6666666666666666,1.2831858407079646,0.9272727272727272,,,
HR,MEWAT,Gram,Rabi,2.444987775061125,2.3640661938534278,,1,,,1,1,,,
HR,ROHTAK,Gram,Rabi,0.9652509652509652,1.1587485515643106,1.7391304347826086,1,,,1.3333333333333333,1.3333333333333333,,,
HR,SIRSA,Gram,Kharif,1.1300595849599342,1.0738255033557047,0.8125,1,1,1,1,1.5,,,
HR,FATEHABAD,Groundnut,Kharif,1.0416666666666667,0.9803921568627451,0.8750000000000001,1.2,1.1538461538461537,1.2307692307692308,1.4545454545454546,1.0833333333333333,,,
HR,HISAR,Groundnut,Kharif,1.0204081632653061,1.0582010582010581,1.1952662721893492,1.3333333333333333,1.5,1.25,1.3333333333333333,2,,,
HR,JHAJJAR,Groundnut,Kharif,0.684931506849315,1.2903225806451613,1.125,1,1,1,1,,,,
HR,MAHENDRAGARH,Groundnut,Kharif,1.2195121951219512,0.9615384615384616,1.1914893617021278,,,,,,,,
HR,MEWAT,Groundnut,Kharif,,,1,,,,,,,,
HR,PANCHKULA,Groundnut,Kharif,2.5641025641025643,0.8264462809917356,1.108695652173913,,,,1,,,,
HR,SIRSA,Groundnut,Kharif,1.1642949547218628,1.0268562401263823,0.8888888888888888,1.2,1.15,1.24,1.1333333333333333,1.1666666666666667,,,
HR,BHIWANI,Guar seed,Kharif,,,0.7502378006701937,,,,,0.8138020833333334,,,
HR,CHARKI DADRI,Guar seed,Kharif,,,,,,,,0.8201438848920863,,,
HR,FATEHABAD,Guar seed,Kharif,,,0.6500046935135643,,,,,0.8391608391608392,,,
HR,GURGAON,Guar seed,Kharif,,,0.6497915425848719,,,,,0.8333333333333334,,,
HR,HISAR,Guar seed,Kharif,,,0.6999937638364878,,,,,0.8542372881355932,,,
HR,JHAJJAR,Guar seed,Kharif,,,0.7,,,,,0.8076923076923077,,,
HR,JIND,Guar seed,Kharif,,,0.6497890295358649,,,,,0.6666666666666666,,,
HR,KAITHAL,Guar seed,Whole Year,,,0.5909090909090909,,,,,,,,
HR,KARNAL,Guar seed,Whole Year,,,0.6,,,,,,,,
HR,MAHENDRAGARH,Guar seed,Kharif,,,0.7000098527021036,,,,,0.8311688311688312,,,
HR,MEWAT,Guar seed,Kharif,,,0.6006546644844517,,,,,1,,,
HR,PANCHKULA,Guar seed,Whole Year,,,0.5555555555555556,,,,,,,,
HR,PANIPAT,Guar seed,Whole Year,,,0.6516129032258065,,,,,,,,
HR,REWARI,Guar seed,Kharif,,,0.75,,,,,0.8108108108108109,,,
HR,ROHTAK,Guar seed,Kharif,,,0.6,,,,,0.8571428571428571,,,
HR,SIRSA,Guar seed,Kharif,,,0.6999948941819203,,,,,0.8406940063091483,,,
HR,SONIPAT,Guar seed,Whole Year,,,0.49904397705544934,,,,,,,,
HR,BHIWANI,Horse-gram,Kharif,,,,1,1,,,,,,
HR,FARIDABAD,Horse-gram,Kharif,,,,0.6666666666666666,,,,,,,
HR,PANCHKULA,Horse-gram,Kharif,0.2857142857142857,0.28328611898017,0.38235294117647056,0.5,1,0.5,0.5,0.2857142857142857,,,
HR,BHIWANI,Jowar,Kharif,,,,0.5,0.5,0.5,0.5333333333333333,,,,
HR,CHARKI DADRI,Jowar,Kharif,,,,,,,,0.5,,,
HR,FARIDABAD,Jowar,Kharif,0.5181347150259067,1.1574074074074074,0.8116883116883117,0.5,0.5,1,0.5,0.5,,,
HR,GURGAON,Jowar,Kharif,1.364256480218281,0.8665511265164645,0.727802037845706,1,,1,0.5,0.6666666666666666,,,
HR,JHAJJAR,Jowar,Kharif,0.5206977349648529,0.44736057262153295,0.5070598330603011,0.5714285714285714,0.5454545454545454,0.5,1,0.5,,,
HR,MEWAT,Jowar,Kharif,0.4830917874396135,0.46831095847642834,0.4973474801061008,0.5,0.5714285714285714,0.5714285714285714,0.5360824742268041,0.5232558139534884,,,
HR,PALWAL,Jowar,Kharif,0.5435373410153278,0.490075961774075,0.4990850108135086,0.5,0.5,0.5,0.5333333333333333,0.5194805194805194,,,
HR,PANCHKULA,Jowar,Kharif,1.524390243902439,,,,,,,,,,
HR,REWARI,Jowar,Kharif,1.0204081632653061,1.0857763300760044,,1,,,0.5,0.5,,,
HR,ROHTAK,Jowar,Kharif,0.5000750112516877,0.5115351168857742,0.4780383555480569,0.5333333333333333,0.5294117647058824,0.5333333333333333,0.5309734513274337,0.5214285714285715,,,
HR,SONIPAT,Jowar,Kharif,0.5291005291005291,0.5312084993359893,0.5225342913128674,0.5555555555555556,0.5,0.5555555555555556,0.54,0.5116279069767442,,,
HR,AMBALA,Maize,Kharif,1.3236267372600927,3.5545023696682465,3.745318352059925,4,2,3.1,3.076923076923077,4,,,
HR,PANCHKULA,Maize,Kharif,1.808972503617945,2.5440976933514245,2.4578076355890546,2.8,2,3.15,2.875,3.159090909090909,,,
HR,ROHTAK,Maize,Kharif,2.857142857142857,4.3604651162790695,3.575685339690107,3,2,,3,2,,,
HR,SONIPAT,Maize,Kharif,3.875968992248062,5.3859964093357275,6.036217303822937,,2,3,4.8,3,,,
HR,YAMUNANAGAR,Maize,Kharif,3.2051282051282053,2.0380434782608696,2.710027100271003,3,2,,3.1,3.75,,,
HR,AMBALA,Masoor,Rabi,0.85995085995086,0.9036144578313253,0.9117117117117117,0.8333333333333334,0.6,0.6,0.8,0.9705882352941176,,,
HR,FARIDABAD,Masoor,Rabi,,,1.3043478260869565,1,0.5,,,1,,,
HR,KAITHAL,Masoor,Rabi,1.8691588785046729,1.8691588785046729,1.3981481481481481,1,,,,0.5,,,
HR,KARNAL,Masoor,Rabi,1.1952191235059761,1.1363636363636365,1.1008403361344539,1.5,1.5,1,1,1,,,
HR,KURUKSHETRA,Masoor,Rabi,1.3937282229965158,1.5015015015015014,1.3981481481481481,2,1,2,1,1,,,
HR,MAHENDRAGARH,Masoor,Rabi,,,,,,,,0.8,,,
HR,MEWAT,Masoor,Rabi,0.45610034207525657,0.4909983633387889,0.4,0.5,1,0.4,0.4,1,,,
HR,PANCHKULA,Masoor,Rabi,1.0810810810810811,1,0.9285714285714286,1,0.5,1,1,0.42857142857142855,,,
HR,YAMUNANAGAR,Masoor,Rabi,1.0338345864661653,1.0804321728691477,1.0254596888260255,1,1,0.75,1,0.7857142857142857,,,
HR,BHIWANI,Moong(Green Gram),Kharif,0.4413740165035502,0.4737839545167404,0.481838819523269,0.5714285714285714,0.4666666666666667,0.5454545454545454,0.13793103448275862,0.45454545454545453,,,
HR,CHARKI DADRI,Moong(Green Gram),Kharif,,,,,,,,0.75,,,
HR,FARIDABAD,Moong(Green Gram),Kharif,0.7067137809187279,,,,,,,,,,
HR,FATEHABAD,Moong(Green Gram),Kharif,0.5319148936170213,0.5673758865248227,0.5,0.6666666666666666,0.6666666666666666,0.6,1,0.5833333333333334,,,
HR,HISAR,Moong(Green Gram),Kharif,0.4616685090057871,0.43956043956043955,0.5,0.5,0.5,0.5384615384615384,0.5384615384615384,0.4465691788526434,,,
HR,KURUKSHETRA,Moong(Green Gram),Kharif,,0.5657708628005658,0.5497076023391813,0.5,,0.6,,0.6585365853658537,,,
HR,MAHENDRAGARH,Moong(Green Gram),Kharif,0.423728813559322,0.46511627906976744,,,,0.6,1,0.47058823529411764,,,
HR,MEWAT,Moong(Green Gram),Kharif,0.16501650165016502,0.40160642570281124,0.48214285714285715,0.3333333333333333,,,,1,,,
HR,PANCHKULA,Moong(Green Gram),Kharif,,,0.425,,,,,,,,
HR,SIRSA,Moong(Green Gram),Kharif,0.5415860735009671,0.5343511450381679,0.5519877675840978,0.5,1,0.75,0.75,0.6363636363636364,,,
HR,SONIPAT,Moong(Green Gram),Kharif,0.43478260869565216,,0.05,,,,,,,,
HR,YAMUNANAGAR,Moong(Green Gram),Kharif,,,0.5461538461538461,,,,,,,,
HR,BHIWANI,Moth,Kharif,0.22137887413029728,0.22744503411675512,0.2510460251046025,,1,0.5,0.125,0.26666666666666666,,,
HR,CHARKI DADRI,Moth,Kharif,,,0.4805194805194805,1,,,,0.5,,,
HR,HISAR,Moth,Kharif,0.2608695652173913,0.36231884057971014,0.5,,,,0.2,0.24193548387096775,,,
HR,MAHENDRAGARH,Moth,Kharif,0.9433962264150944,,0.5428571428571428,,,,,,,,
HR,SIRSA,Moth,Kharif,0.2523128679562658,0.27137042062415195,0.4090909090909091,,1,,0.3,0.4444444444444444,,,
HR,AMBALA,Onion,Whole Year,19.764705882352942,,31.695906432748536,23.16068376068376,22.296925858951177,23.12404250061774,22.081374321880652,24.52536543422184,,,
HR,BHIWANI,Onion,Whole Year,,,,23.03235294117647,23.76099706744868,23.54013503375844,23.72905331882481,22.979087452471482,,,
HR,FARIDABAD,Onion,Whole Year,,,,19.14,22.79787234042553,23.54074074074074,16.96590909090909,23.322314049586776,,,
HR,FATEHABAD,Onion,Whole Year,25,19.001919385796544,20,20.762637362637363,22.79907621247113,23.433333333333334,21.576923076923077,23.561855670103093,,,
HR,GURGAON,Onion,Whole Year,33.333333333333336,18.75,,23.383928571428573,22.652,22.89,22.752535496957403,23.264761904761905,,,
HR,HISAR,Onion,Whole Year,18.181818181818183,,,21.35531914893617,22.632394366197182,23.119298245614036,21.982558139534884,23.36338028169014,,,
HR,JHAJJAR,Onion,Whole Year,,,17.24137931034483,23.534730538922155,21.8725,23.863896103896103,19.852698412698413,26.2,,,
HR,JIND,Onion,Whole Year,23.076923076923077,17.142857142857142,23.529411764705884,25.678494623655915,21.712849162011175,23.227224008574492,21.831746031746032,24.95712954333644,,,
HR,KAITHAL,Onion,Whole Year,,,,28.254814814814814,22.798529411764704,23.51888111888112,28.12937062937063,23.774324324324326,,,
HR,KARNAL,Onion,Whole Year,18.181818181818183,18.125960061443934,35.294117647058826,22.115,22.798333333333332,23.7,25.454347826086956,24.900689655172414,,,
HR,MAHENDRAGARH,Onion,Whole Year,16.666666666666668,11.764705882352942,,22.308823529411764,22.356164383561644,23.366666666666667,25.136986301369863,23.63888888888889,,,
HR,MEWAT,Onion,Whole Year,20.977917981072554,,,20.985,21.32752659574468,21.976486486486486,22.709931034482757,22.8,,,
HR,PALWAL,Onion,Whole Year,,,,22.285714285714285,22.69,22.758333333333333,21.684615384615384,23.772972972972973,,,
HR,PANCHKULA,Onion,Whole Year,23.18840579710145,18.51851851851852,23.404255319148938,22.43411214953271,21.734075723830735,21.220909090909092,21.292740046838407,20.36,,,
HR,PANIPAT,Onion,Whole Year,18.75,17.24137931034483,29.166666666666668,22.442528735632184,22.70111111111111,22.373348017621144,29.22889842632332,24.669166666666666,,,
HR,REWARI,Onion,Whole Year,17.857142857142858,11.797752808988765,22.435897435897434,17.78627450980392,22.514285714285716,23.178021978021977,24.506122448979593,23.554901960784314,,,
HR,ROHTAK,Onion,Whole Year,,,,22.8440329218107,21.823100303951367,21.213793103448275,22.156640181611806,30.699203187250998,,,
HR,SIRSA,Onion,Whole Year,,25,,22.12,21.71764705882353,23.54,20.73076923076923,23.774193548387096,,,
HR,SONIPAT,Onion,Whole Year,23.333333333333332,10.9375,27.551020408163264,25.633333333333333,25.48181818181818,24.076997578692495,25.626857142857144,25.142379958246348,,,
HR,YAMUNANAGAR,Onion,Whole Year,21.08262108262108,17.921146953405017,28.07017543859649,21.12,24.71798900235664,25.898832684824903,14.23448275862069,20.473078225533357,,,
HR,AMBALA,other oilseeds,Rabi,,,,,,,1,1,,,
HR,KARNAL,other oilseeds,Rabi,,,,,,,1,1,,,
HR,MAHENDRAGARH,other oilseeds,Rabi,,,,,,,,1,,,
HR,PANCHKULA,other oilseeds,Rabi,,,,1,1,1,1.2,2,,,
HR,YAMUNANAGAR,other oilseeds,Kharif,,,1.1904761904761905,7.176991150442478,9.598581560283687,10.106481481481481,9.598581560283687,9.341772151898734,,,
HR,BHIWANI,Peas & beans (Pulses),Kharif,,,,7.5,10,8,8.69047619047619,9.235294117647058,,,
HR,FATEHABAD,Peas & beans (Pulses),Kharif,1.2820512820512822,,1.303030303030303,6.791666666666667,7.846153846153846,8.5,6.578333333333333,8.571428571428571,,,
HR,HISAR,Peas & beans (Pulses),Kharif,,,1,6.9411764705882355,7.572815533980583,6.5675675675675675,7.289719626168225,7.5,,,
HR,JIND,Peas & beans (Pulses),Kharif,,,,8.414634146341463,9.388819875776397,10.206106870229007,6.997222222222222,11.787087912087912,,,
HR,KAITHAL,Peas & beans (Pulses),Kharif,,,,6.927272727272728,8.137254901960784,8,6.266441821247892,8.235294117647058,,,
HR,KARNAL,Peas & beans (Pulses),Kharif,2.247191011235955,1.7341040462427746,1.5,6.680497925311204,6.650727650727651,6.314814814814815,6.741071428571429,7.2827586206896555,,,
HR,KURUKSHETRA,Peas & beans (Pulses),Kharif,1.048951048951049,,1.1,5.923076923076923,6.681274900398407,10.844155844155845,9.53883495145631,9.755555555555556,,,
HR,MAHENDRAGARH,Peas & beans (Pulses),Kharif,0.5780346820809249,,,6.2,5.357142857142857,7.310344827586207,7.866666666666666,9.4,,,
HR,PALWAL,Peas & beans (Pulses),Kharif,,,1.25,6.588059701492537,6.767857142857143,8.52,7.046511627906977,10.285714285714286,,,
HR,PANIPAT,Peas & beans (Pulses),Kharif,1.3043478260869565,0.9157509157509157,1.5009708737864078,7.241379310344827,6.153846153846154,6.674074074074074,6.168478260869565,7.709333333333333,,,
HR,REWARI,Peas & beans (Pulses),Kharif,0.49627791563275436,0.6097560975609756,1.0357142857142856,6.923076923076923,5.148514851485149,8.775510204081632,10.174825174825175,10.186915887850468,,,
HR,AMBALA,Potato,Whole Year,20.09626955475331,22.038420490928495,24.050632911392405,24.26186440677966,23.500431778929187,23.318629550321198,23.558721934369604,26.469077069457658,,,
HR,BHIWANI,Potato,Whole Year,,,,23.237037037037037,23.9774011299435,24.91031390134529,23.9774011299435,25.85238095238095,,,
HR,FARIDABAD,Potato,Whole Year,,,,20.035,23.981927710843372,24.91111111111111,19.449462365591398,25.86,,,
HR,FATEHABAD,Potato,Whole Year,29.375,19.79695431472081,20.88888888888889,25.127058823529413,23.04964539007092,26.265217391304347,27.00228310502283,25.8,,,
HR,GURGAON,Potato,Whole Year,33.333333333333336,25,,23.236363636363638,23.98,24.9125,23.88235294117647,25.85,,,
HR,HISAR,Potato,Whole Year,16.556291390728475,13.973799126637555,23.448275862068964,24,23.978571428571428,24.7,25.05142857142857,25.85217391304348,,,
HR,JHAJJAR,Potato,Whole Year,,,,23.236363636363638,23.982142857142858,24.908333333333335,19.60377358490566,28,,,
HR,JIND,Potato,Whole Year,25.806451612903224,22.22222222222222,22.442244224422442,22.6816091954023,23.781111111111112,26.098395721925133,23.54178674351585,30.770232558139536,,,
HR,KAITHAL,Potato,Whole Year,21.631205673758867,33.333333333333336,25.57471264367816,24.433644859813086,23.98,24.912,24.989293361884368,25.853846153846153,,,
HR,KARNAL,Potato,Whole Year,21.234309623430963,20.060180541624874,24.563445867287545,24.178461538461537,24.47948717948718,25.95,27.68421052631579,26.238878143133462,,,
HR,KURUKSHETRA,Potato,Whole Year,22.86052709505478,16.666666666666668,23.065861374748348,23.285714285714285,24,24.9,23.166666666666668,25.85,,,
HR,MEWAT,Potato,Whole Year,,,,23.238,,24.912871287128713,25.976666666666667,25.85,,,
HR,PALWAL,Potato,Whole Year,,,,23.236363636363638,23.98181818181818,24.90909090909091,28.695238095238096,25.85333333333333,,,
HR,PANCHKULA,Potato,Whole Year,25,18.95734597156398,19.487179487179485,20.647168059424327,21.734553775743706,20.6246511627907,21.734553775743706,24.006086956521738,,,
HR,PANIPAT,Potato,Whole Year,18.902439024390244,25.165562913907284,20.224719101123597,20.825641025641026,22.032666666666668,23.825,19.223397224058164,25.688053097345133,,,
HR,REWARI,Potato,Whole Year,,7.142857142857143,,23.25,23.96,24.925,22.565217391304348,25.85,,,
HR,ROHTAK,Potato,Whole Year,,,22.916666666666668,23.238636363636363,24.020833333333332,24.91181818181818,26.491071428571427,24.750588235294117,,,
HR,SIRSA,Potato,Whole Year,18.333333333333332,27.692307692307693,22.36842105263158,22.3775,23.97833333333333,24.493714285714287,44.317460317460316,25.85276073619632,,,
HR,SONIPAT,Potato,Whole Year,27.149321266968325,19.003931847968545,25.656877897990725,25.29,23.046530612244897,26.050184501845017,23.317551020408164,26.309677419354838,,,
HR,YAMUNANAGAR,Potato,Whole Year,23.583333333333332,15,22.411953041622198,22.70566037735849,25.319074074074074,25.516949152542374,20.878521126760564,24.685,,,
HR,AMBALA,Rapeseed &Mustard,Rabi,3.361344537815126,1.24804992199688,1.7780938833570412,2,1,2,1.4,2.111111111111111,,,
HR,BHIWANI,Rapeseed &Mustard,Rabi,1.726076077890996,1.2013568265334966,1.631796330150992,1.5161290322580645,1.4015151515151516,1.4610389610389611,1.705,1.85,,,
HR,CHARKI DADRI,Rapeseed &Mustard,Rabi,,,,,,,,1.8977272727272727,,,
HR,FARIDABAD,Rapeseed &Mustard,Rabi,2.1390374331550803,2.680965147453083,1.694915254237288,2,,,2,2,,,
HR,FATEHABAD,Rapeseed &Mustard,Rabi,2.031733746130031,1.931159831875497,1.5879648976180527,1.8333333333333333,1.5,1.3571428571428572,1.6453900709219857,1.9251700680272108,,,
HR,GURGAON,Rapeseed &Mustard,Rabi,1.7959183673469388,1.919232307077169,1.973776963203158,1.6153846153846154,1.3,1.7,2,2.328767123287671,,,
HR,HISAR,Rapeseed &Mustard,Rabi,2.0083467460509636,1.7078275429049812,1.6589742762159894,1.6231884057971016,1.4776119402985075,1.8088235294117647,1.8575851393188856,2.1964549483013296,,,
HR,JHAJJAR,Rapeseed &Mustard,Rabi,1.7691287041132242,1.5818975893256302,1.6610828007545257,1.5483870967741935,1.3181818181818181,1.5833333333333333,2.328828828828829,2.1228668941979523,,,
HR,JIND,Rapeseed &Mustard,Rabi,1.827782290820471,1.5847860538827259,1.7482517482517483,1.75,1,1.75,1.875,2.1020408163265305,,,
HR,KAITHAL,Rapeseed &Mustard,Rabi,2.789400278940028,1.321003963011889,2.304147465437788,2,1,2,1.5,2.5555555555555554,,,
HR,KARNAL,Rapeseed &Mustard,Rabi,2.3980815347721824,1.0131712259371835,1.8433179723502304,2,1,2,1.875,2.066666666666667,,,
HR,KURUKSHETRA,Rapeseed &Mustard,Rabi,1.998001998001998,1.3513513513513513,1.638504864311316,1.5,1,1.5,1.5555555555555556,1.7777777777777777,,,
HR,MAHENDRAGARH,Rapeseed &Mustard,Rabi,1.9094624472385378,0.8240165210225944,1.7066434976882738,1.7045454545454546,1.4943820224719102,1.5731707317073171,1.9578313253012047,1.8836633663366336,,,
HR,MEWAT,Rapeseed &Mustard,Rabi,1.7914267434420985,1.8316445830085737,1.595836947094536,1.5185185185185186,1.3636363636363635,1.608695652173913,1.8878504672897196,2.1557377049180326,,,
HR,PALWAL,Rapeseed &Mustard,Rabi,1.786777843954735,2.107481559536354,1.8387181507748884,1.6666666666666667,1,1.5,1.75,2.176470588235294,,,
HR,PANCHKULA,Rapeseed &Mustard,Rabi,1.4825796886582654,1.2388162422573985,2,2,,,0.75,2,,,
HR,PANIPAT,Rapeseed &Mustard,Rabi,2.288329519450801,1.1534025374855825,2.280501710376283,2,1,2,1.75,2,,,
HR,REWARI,Rapeseed &Mustard,Rabi,2.001537180554666,1.8347482663183754,2.154243860404998,1.8636363636363635,1.5396825396825398,1.8412698412698412,2.2425196850393703,2.295625942684766,,,
HR,ROHTAK,Rapeseed &Mustard,Rabi,1.6051364365971108,1.5319800842589046,1.4672437825544715,1.4166666666666667,1.1111111111111112,1.2727272727272727,1.2474226804123711,1.9411764705882353,,,
HR,SIRSA,Rapeseed &Mustard,Rabi,1.9524817689955305,1.6922900413033501,1.6390036704448394,1.744186046511628,1.5121951219512195,1.711111111111111,1.5793269230769231,1.9937106918238994,,,
HR,SONIPAT,Rapeseed &Mustard,Rabi,1.8601190476190477,1.3094718463553034,1.2320328542094456,1.5,1,1,1.6153846153846154,1.6428571428571428,,,
HR,YAMUNANAGAR,Rapeseed &Mustard,Rabi,1.6934801016088061,1.2638835695135964,1.3623094388582548,2,1,1.5,1.2,1.5714285714285714,,,
HR,AMBALA,Rice,Kharif,3.4445272325300174,3.8989659264282084,4.150431983737083,3.8987341772151898,3.6265060240963853,3.813953488372093,3.8433734939759034,3.8941176470588235,,,
HR,BHIWANI,Rice,Kharif,2.0643708360701885,2.625570776255708,2.6700487283892933,2.1875,1.4285714285714286,2.12,2.2857142857142856,2.52073732718894,,,
HR,CHARKI DADRI,Rice,Kharif,,,,,,,,1.8404255319148937,,,
HR,FARIDABAD,Rice,Kharif,1.8848167539267016,2.4234031504240954,2.334485012606219,2.6363636363636362,2.727272727272727,2.75,2.75,2.7,,,
HR,FATEHABAD,Rice,Kharif,3.9735099337748343,3.7329290284047185,4.127667644663595,3.869565217391304,3.696969696969697,4.0636363636363635,4.189655172413793,4.355687606112054,,,
HR,GURGAON,Rice,Kharif,2.7179188507086,3.1230480949406623,2.9200359389038635,3.2,3.2,3,2.3636363636363638,2.576923076923077,,,
HR,HISAR,Rice,Kharif,2.5260993002928487,2.586146641504159,2.424530544330877,2.7111111111111112,2.8333333333333335,2.3225806451612905,2.735294117647059,2.6857142857142855,,,
HR,JHAJJAR,Rice,Kharif,1.9990971819178436,2.1666720563981503,2.291594603943272,2.3870967741935485,2.3714285714285714,2.6216216216216215,2.1621621621621623,2.4416873449131513,,,
HR,JIND,Rice,Kharif,2.493787483645496,2.5858916537517196,2.7891800863067044,2.7,2.682926829268293,2.4263565891472867,2.585185185185185,2.763448784082535,,,
HR,KAITHAL,Rice,Kharif,2.7478241140473054,2.901268754405397,3.1515255969124896,3.2911392405063293,3.229813664596273,3.0246913580246915,3.4074074074074074,3.8641826923076925,,,
HR,KARNAL,Rice,Kharif,2.6693997614332536,3.035738090332901,3.361305032555297,3.5185185185185186,3.2325581395348837,3.0697674418604652,3.1714285714285713,3.7988505747126435,,,
HR,KURUKSHETRA,Rice,Kharif,3.1974487197682477,3.7866288278775078,4.307853478794884,4.1440677966101696,3.519083969465649,3.675,4.304347826086956,4.180463576158941,,,
HR,MEWAT,Rice,Kharif,2.7521450542334467,2.9658922392486406,3.209084176746482,3.2,3.142857142857143,3,2.3157894736842106,2.892857142857143,,,
HR,PALWAL,Rice,Kharif,2.7517387360145147,2.7171395930465927,2.764731354718364,2.588235294117647,2.676470588235294,2.264705882352941,2.7142857142857144,2.7039106145251397,,,
HR,PANCHKULA,Rice,Kharif,3.3076074972436604,2.731941864277128,2.6446630699248916,3.8,2.9,3.7777777777777777,3.5164835164835164,3.7333333333333334,,,
HR,PANIPAT,Rice,Kharif,2.2625316949483127,2.6436237373737375,2.774731445635083,2.56,2.4444444444444446,2.703125,2.6052631578947367,3.05699481865285,,,
HR,REWARI,Rice,Kharif,2.9133284777858703,2.72892662219527,3.4860557768924303,3.5,3,3,2,2.2777777777777777,,,
HR,ROHTAK,Rice,Kharif,1.4997458057956279,2.139582272032603,1.5096618357487923,1.9534883720930232,2.2439024390243905,2.090909090909091,2.038216560509554,2.625766871165644,,,
HR,SIRSA,Rice,Kharif,3.1773447174607314,0.32180336704606705,3.52663375141832,3.927536231884058,3.6463414634146343,3.130434782608696,3.6608187134502925,3.3780104712041883,,,
HR,SONIPAT,Rice,Kharif,2.1546207014250363,2.416810021846274,2.4446833795484126,2.48,2.534090909090909,2.635514018691589,2.4220183486238533,2.5459610027855155,,,
HR,YAMUNANAGAR,Rice,Kharif,3.2717423368821903,3.6887671534554665,0.34210526315789475,3.681159420289855,3.8,3.7837837837837838,3.933333333333333,4.175531914893617,,,
HR,BHIWANI,Sesamum,Kharif,0.373134328358209,0.33222591362126247,0.3516483516483517,1,0.5,0.3333333333333333,0.5,0.5,,,
HR,CHARKI DADRI,Sesamum,Kharif,,,,,0.5,,,,,,
HR,FARIDABAD,Sesamum,Kharif,0.591715976331361,,0.3877551020408163,,,,,,,,
HR,FATEHABAD,Sesamum,Kharif,6.25,,0.5454545454545454,,,,,,,,
HR,GURGAON,Sesamum,Kharif,0.28328611898017,0.5263157894736842,0.42048517520215634,0.6666666666666666,0.75,0.5,0.75,0.4,,,
HR,HISAR,Sesamum,Kharif,0.6557377049180327,0.7092198581560284,0.42857142857142855,,0.5,0.3333333333333333,0.2,1,,,
HR,KARNAL,Sesamum,Kharif,0.7575757575757576,1.075268817204301,0.23809523809523808,1,0.3333333333333333,0.5,1,1,,,
HR,REWARI,Sesamum,Kharif,0.390625,0.398406374501992,0.2972972972972973,0.5,0.5,0.2,2,0.5,,,
HR,SIRSA,Sesamum,Kharif,0.4098360655737705,0.7692307692307693,0.3684210526315789,,,1,1,,,,
HR,AMBALA,Sugarcane,Whole Year,6.9733555370524565,7.471204731762997,78.83283877349159,71.2,70.6,67.5,78.16326530612245,81.20338983050847,,,
HR,BHIWANI,Sugarcane,Whole Year,8.595988538681949,6.498781478472786,51.96914332115306,75.5,76,72,62.5,76.75,,,
HR,CHARKI DADRI,Sugarcane,Whole Year,,,,,,,,76.53846153846153,,,
HR,FARIDABAD,Sugarcane,Whole Year,6.180469715698393,13.81692573402418,110.77844311377245,,,72,62,85,,,
HR,HISAR,Sugarcane,Whole Year,6.25,5.86756077116513,57.971014492753625,88,70,64,67.05882352941177,75.16666666666667,,,
HR,JHAJJAR,Sugarcane,Whole Year,7.095793208312215,7.636363636363637,64.3097643097643,82,71.33333333333333,76.33333333333333,75.66666666666667,66.58620689655173,,,
HR,JIND,Sugarcane,Whole Year,6.782945736434108,7.460155985079688,57.57307351638618,79.5,67.75,71.33333333333333,75.43478260869566,79.91836734693878,,,
HR,KAITHAL,Sugarcane,Whole Year,7.571933366986371,6.11387084447841,99.40187980632298,84,71.33333333333333,91.66666666666667,95,90.46153846153847,,,
HR,KARNAL,Sugarcane,Whole Year,7.85362906705791,8.199776369735371,81.25176736732962,78.83333333333333,85,85.81818181818181,93.55932203389831,93.12781954887218,,,
HR,KURUKSHETRA,Sugarcane,Whole Year,7.454739084132055,9.859154929577464,86.1244019138756,73,81.63636363636364,80.9,80,84,,,
HR,PALWAL,Sugarcane,Whole Year,5.6364490371066225,5.250596658711217,113.68015414258188,52.5,43.5,64,90,84.4,,,
HR,PANIPAT,Sugarcane,Whole Year,7.894285223957439,8.504398826979472,91.55228526956276,76.85714285714286,83.5,82,83.38461538461539,85.08974358974359,,,
HR,ROHTAK,Sugarcane,Whole Year,6.710283509478275,7.023705004389815,60.06240249609984,62.625,68,67.11111111111111,80,84.5,,,
HR,SONIPAT,Sugarcane,Whole Year,8.721437292865865,8.125952260030472,68.69220607661823,81.625,79.42857142857143,86,87.5,94.48314606741573,,,
HR,YAMUNANAGAR,Sugarcane,Whole Year,6.734669764877319,6.640157510713045,73.55594006553032,68.66666666666667,69.88888888888889,70,79.65217391304348,83.53461538461538,,,
HR,AMBALA,Sunflower,Kharif,1.6908212560386473,1.9230769230769231,2.1739130434782608,1,2.0454545454545454,1.96875,1.6666666666666667,1.8235294117647058,,,
HR,KURUKSHETRA,Sunflower,Kharif,1.909830932999374,1.0416666666666667,2.186421173762946,3.0294117647058822,5.869565217391305,3.0208333333333335,1.2075471698113207,1.8387096774193548,,,
HR,PANCHKULA,Sunflower,Kharif,,,,,,,3,7,,,
HR,YAMUNANAGAR,Sunflower,Whole Year,1.5345268542199488,0.8403361344537815,22.22222222222222,1.75,1.3333333333333333,1.75,1,,,,
HR,HISAR,Sweet potato,Whole Year,,,12.5,,,,,,,,
HR,KAITHAL,Sweet potato,Whole Year,,,12.5,,,,,,,,
HR,KURUKSHETRA,Sweet potato,Whole Year,,,0.8750000000000001,10.054054054054054,10.040816326530612,10.25,19.5,10.5,,,
HR,BHIWANI,Turmeric,Whole Year,,,,,,,10,,,,
HR,FATEHABAD,Turmeric,Whole Year,,,,11,10,8,9.375,5.111111111111111,,,
HR,HISAR,Turmeric,Whole Year,,,0.9,14.285714285714286,10,10.105263157894736,15,10.588235294117647,,,
HR,PALWAL,Turmeric,Whole Year,,,0.5,11.38888888888889,13,10.722222222222221,11.397849462365592,13.9,,,
HR,SONIPAT,Turmeric,Whole Year,,0.9950248756218906,0.9487179487179487,12.735849056603774,9.83673469387755,10.866574965612104,12.5,12.76595744680851,,,
HR,AMBALA,Urad,Kharif,0.30349013657056145,0.2635046113306983,0.2,0.25,0.2857142857142857,0.3333333333333333,0.3333333333333333,0.30120481927710846,,,
HR,KARNAL,Urad,Kharif,0.5102040816326531,0.6993006993006993,0.4965986394557823,,,,,,,,
HR,KURUKSHETRA,Urad,Kharif,2.247191011235955,0.45045045045045046,0.3611111111111111,1,,0.5,0.5,0.47058823529411764,,,
HR,PANCHKULA,Urad,Kharif,0.45248868778280543,0.3333333333333333,0.30339805825242716,0.5,0.5,0.3,0.5,0.3333333333333333,,,
HR,YAMUNANAGAR,Urad,Kharif,,0.37383177570093457,0.4738330975954738,0.5,1,0.3333333333333333,5,0.5,,,
HR,AMBALA,Wheat,Rabi,3.617719914741633,4.858662317225853,4.198788546255507,4.627906976744186,3.659090909090909,4.580459770114943,4.505747126436781,4.651376146788991,,,
HR,BHIWANI,Wheat,Rabi,4.465661578328333,4.294170498388034,4.0445205057805245,4.227544910179641,3.8493150684931505,3.9447513812154695,4.322222222222222,4.324531516183987,,,
HR,CHARKI DADRI,Wheat,Rabi,,,,,,,,4.116788321167883,,,
HR,FARIDABAD,Wheat,Rabi,4.576586813117444,4.9220672682526665,4.540331669618419,4.666666666666667,3.3214285714285716,3.99,4.7,4.453333333333333,,,
HR,FATEHABAD,Wheat,Rabi,5.090503799123361,5.461334910817563,4.680353153919795,5.317460317460317,4.8578947368421055,4.5396825396825395,5.264550264550264,5.383634431455898,,,
HR,GURGAON,Wheat,Rabi,4.721342435032361,4.924791937084828,4.589517988671727,4.479166666666667,3.163265306122449,4.3,4.666666666666667,4.906976744186046,,,
HR,HISAR,Wheat,Rabi,4.625497038058914,5.095498413983937,4.262486234371964,4.477876106194691,4.178260869565217,4.646017699115045,4.756637168141593,4.914694059848147,,,
HR,JHAJJAR,Wheat,Rabi,4.505931985184891,4.887267702374541,3.9329828075446502,4.510204081632653,3.692982456140351,3.873873873873874,5.086021505376344,4.654425612052731,,,
HR,JIND,Wheat,Rabi,4.549371334327833,5.244448548081806,4.26893355372513,4.548387096774194,3.6484018264840183,4.483516483516484,4.865979381443299,5.046694405917707,,,
HR,KAITHAL,Wheat,Rabi,4.70517964206825,5.446648260884633,4.67783310698657,4.816091954022989,4.251428571428572,4.530973451327434,4.976878612716763,4.832373271889401,,,
HR,KARNAL,Wheat,Rabi,4.447982020788463,5.676161866671324,4.676196539151571,4.912790697674419,4.045977011494253,3.4444444444444446,5.213197969543147,4.923295454545454,,,
HR,KURUKSHETRA,Wheat,Rabi,4.464246636496529,5.437305810506768,4.668998206962666,4.875,4.061946902654867,4.416666666666667,4.773584905660377,4.821492007104796,,,
HR,MAHENDRAGARH,Wheat,Rabi,4.6287241671556165,4.606497842989105,4.781229592312716,5.021739130434782,4.224489795918367,4.359447004608295,4.72,4.266802443991853,,,
HR,MEWAT,Wheat,Rabi,4.240165172447241,4.371094735072432,4.129637122089373,4.297297297297297,3.207792207792208,3.9625,4.172839506172839,4.3164721141374836,,,
HR,PALWAL,Wheat,Rabi,4.60092838332189,5.0909748162429205,4.60205739036275,4.546391752577319,3.3904761904761904,4.431372549019608,4.371134020618556,4.549145299145299,,,
HR,PANCHKULA,Wheat,Rabi,2.581438229870928,3.5653968849690374,3.5071033703857815,3.4705882352941178,2.9444444444444446,4.295454545454546,3.8333333333333335,3.738888888888889,,,
HR,PANIPAT,Wheat,Rabi,4.609040187596022,5.564067413918233,4.597995506768948,4.895348837209302,3.5833333333333335,4.931034482758621,5.109756097560975,5.185053380782918,,,
HR,REWARI,Wheat,Rabi,4.810642804822521,4.969870162142014,4.971781779091642,4.933333333333334,3.62,4.0588235294117645,5.020833333333333,4.898047722342733,,,
HR,ROHTAK,Wheat,Rabi,4.565356422492251,4.995950547895749,3.739234081820978,3.9215686274509802,3.467289719626168,3.9065420560747666,4.5956232159847765,4.626436781609195,,,
HR,SIRSA,Wheat,Rabi,5.131618425544976,5.356909979167573,4.848464198708666,5.347368421052631,4.707236842105263,4.837209302325581,5.070607553366174,5.061632238401626,,,
HR,SONIPAT,Wheat,Rabi,4.655726752682784,5.509540008874427,4.527343887733155,4.65034965034965,3.727891156462585,4.454545454545454,5.1280276816609,5.06994459833795,,,
HR,YAMUNANAGAR,Wheat,Rabi,4.5322110715441895,5.378056115769734,4.335973302625085,4.529411764705882,3.840909090909091,3.3333333333333335,4.48314606741573,4.78314606741573,,,
